{
  "d4": {
    "sides": 4,
    "vertices": [
      [
        0.7333842561232868,
        1.0766127360112034,
        1.1376745967218969
      ],
      [
        0.7333842561232868,
        -0.39622909237953075,
        -0.33516723166883755
      ],
      [
        -0.7394575722674475,
        1.0766127360112034,
        -0.33516723166883755
      ],
      [
        -0.7394575722674475,
        -0.39622909237953075,
        1.1376745967218969
      ]
    ],
    "aabb": {
      "min": [
        -0.7394575722674475,
        -0.39622909237953075,
        -0.33516723166883755
      ],
      "max": [
        0.7333842561232868,
        1.0766127360112034,
        1.1376745967218969
      ]
    }
  },
  "d6": {
    "sides": 6,
    "vertices": [
      [
        -1.0462191301777526,
        -1.0398384141196175,
        -1.156001308954065
      ],
      [
        1.036953635184356,
        -1.0398384141196175,
        -1.156001308954065
      ],
      [
        1.036953635184356,
        1.043334351242491,
        -1.156001308954065
      ],
      [
        -1.0462191301777526,
        1.043334351242491,
        -1.156001308954065
      ],
      [
        -1.0462191301777526,
        -1.0398384141196175,
        0.9271714564080437
      ],
      [
        1.036953635184356,
        -1.0398384141196175,
        0.9271714564080437
      ],
      [
        1.036953635184356,
        1.043334351242491,
        0.9271714564080437
      ],
      [
        -1.0462191301777526,
        1.043334351242491,
        0.9271714564080437
      ]
    ],
    "aabb": {
      "min": [
        -1.0462191301777526,
        -1.0398384141196175,
        -1.156001308954065
      ],
      "max": [
        1.036953635184356,
        1.043334351242491,
        0.9271714564080437
      ]
    }
  },
  "d8": {
    "sides": 8,
    "vertices": [
      [
        1.2546431082533278,
        -0.013511689214948315,
        0.047363804070768706
      ],
      [
        -1.2812574084858985,
        -0.013511689214948315,
        0.047363804070768706
      ],
      [
        -0.013307150116285353,
        1.254438569154665,
        0.047363804070768706
      ],
      [
        -0.013307150116285353,
        -1.2814619475845614,
        0.047363804070768706
      ],
      [
        -0.013307150116285353,
        -0.013511689214948315,
        1.3153140624403818
      ],
      [
        -0.013307150116285353,
        -0.013511689214948315,
        -1.2205864542988445
      ]
    ],
    "aabb": {
      "min": [
        -1.2812574084858985,
        -1.2814619475845614,
        -1.2205864542988445
      ],
      "max": [
        1.2546431082533278,
        1.254438569154665,
        1.3153140624403818
      ]
    }
  },
  "d10": {
    "sides": 10,
    "vertices": [
      [
        0.007695052427993121,
        1.156294954766634,
        -0.032027278331267964
      ],
      [
        0.007695052427993121,
        -1.0635744944125294,
        -0.032027278331267964
      ],
      [
        0.9511395683291375,
        0.4348373837834058,
        -0.032027278331267964
      ],
      [
        0.299235441091292,
        0.4348373837834058,
        0.865241776279442
      ],
      [
        -0.7555675941858779,
        0.4348373837834058,
        0.5225154944716365
      ],
      [
        -0.7555675941858779,
        0.4348373837834058,
        -0.5865700511341722
      ],
      [
        0.29923544109129185,
        0.4348373837834058,
        -0.929296332941978
      ],
      [
        0.7709576990418643,
        -0.3421169234293013,
        0.5225154944716364
      ],
      [
        -0.2838453362353057,
        -0.3421169234293013,
        0.8652417762794421
      ],
      [
        -0.9357494634731514,
        -0.3421169234293013,
        -0.032027278331267846
      ],
      [
        -0.28384533623530595,
        -0.3421169234293013,
        -0.9292963329419779
      ],
      [
        0.7709576990418641,
        -0.3421169234293013,
        -0.5865700511341725
      ]
    ],
    "aabb": {
      "min": [
        -0.9357494634731514,
        -1.0635744944125294,
        -0.929296332941978
      ],
      "max": [
        0.9511395683291375,
        1.156294954766634,
        0.8652417762794421
      ]
    }
  },
  "d12": {
    "sides": 12,
    "vertices": [
      [
        0.5952835597089239,
        0.5912748272265647,
        0.6167128322616815
      ],
      [
        0.5952835597089239,
        0.5912748272265647,
        -0.5945741659626016
      ],
      [
        0.5952835597089239,
        -0.6200121709977184,
        0.6167128322616815
      ],
      [
        0.5952835597089239,
        -0.6200121709977184,
        -0.5945741659626016
      ],
      [
        -0.6160034385153592,
        0.5912748272265647,
        0.6167128322616815
      ],
      [
        -0.6160034385153592,
        0.5912748272265647,
        -0.5945741659626016
      ],
      [
        -0.6160034385153592,
        -0.6200121709977184,
        0.6167128322616815
      ],
      [
        -0.6160034385153592,
        -0.6200121709977184,
        -0.5945741659626016
      ],
      [
        -0.010359939403217685,
        0.35993959563114336,
        0.9910210997784018
      ],
      [
        -0.010359939403217685,
        0.35993959563114336,
        -0.9688824334793219
      ],
      [
        -0.010359939403217685,
        -0.38867693940229703,
        0.9910210997784018
      ],
      [
        -0.010359939403217685,
        -0.38867693940229703,
        -0.9688824334793219
      ],
      [
        0.36394832811350253,
        0.965583094743285,
        0.011069333149539975
      ],
      [
        0.36394832811350253,
        -0.9943204385144387,
        0.011069333149539975
      ],
      [
        -0.38466820691993786,
        0.965583094743285,
        0.011069333149539975
      ],
      [
        -0.38466820691993786,
        -0.9943204385144387,
        0.011069333149539975
      ],
      [
        0.9695918272256442,
        -0.014368671885576856,
        0.38537760066626014
      ],
      [
        0.9695918272256442,
        -0.014368671885576856,
        -0.36323893436718024
      ],
      [
        -0.9903117060320795,
        -0.014368671885576856,
        0.38537760066626014
      ],
      [
        -0.9903117060320795,
        -0.014368671885576856,
        -0.36323893436718024
      ]
    ],
    "aabb": {
      "min": [
        -0.9903117060320795,
        -0.9943204385144387,
        -0.9688824334793219
      ],
      "max": [
        0.9695918272256442,
        0.965583094743285,
        0.9910210997784018
      ]
    }
  },
  "d20": {
    "sides": 20,
    "vertices": [
      [
        -0.010413733340797173,
        0.6568553926419896,
        0.9865335113821321
      ],
      [
        -0.010413733340797173,
        0.6568553926419896,
        -0.9034039702138923
      ],
      [
        -0.010413733340797173,
        -0.5111902075967323,
        0.9865335113821321
      ],
      [
        -0.010413733340797173,
        -0.5111902075967323,
        -0.9034039702138923
      ],
      [
        0.5736090667785637,
        1.0178013333206408,
        0.0415647705841199
      ],
      [
        0.5736090667785637,
        -0.8721361482753835,
        0.0415647705841199
      ],
      [
        -0.5944365334601581,
        1.0178013333206408,
        0.0415647705841199
      ],
      [
        -0.5944365334601581,
        -0.8721361482753835,
        0.0415647705841199
      ],
      [
        0.934555007457215,
        0.07283259252262858,
        0.6255875707034808
      ],
      [
        0.934555007457215,
        0.07283259252262858,
        -0.542458029535241
      ],
      [
        -0.9553824741388094,
        0.07283259252262858,
        0.6255875707034808
      ],
      [
        -0.9553824741388094,
        0.07283259252262858,
        -0.542458029535241
      ]
    ],
    "aabb": {
      "min": [
        -0.9553824741388094,
        -0.8721361482753835,
        -0.9034039702138923
      ],